area;gatilho_x;gatilho_y;gatilho_z;gatilho_raio;exclusao_x;exclusao_y;exclusao_z;exclusao_raio;poleiro_x;poleiro_y;poleiro_z;poleiro_angulo;raio_visao;origem
1;-1464.7968;-1558.324;101.7578;100.0;-1465.1469;-1551.7413;101.7578;10.0;-1466.8788;-1555.0344;101.7578;208.972;10.0;CROW1.txt
1;-1464.7968;-1558.324;101.7578;100.0;-1465.1469;-1551.7413;101.7578;10.0;-1464.7902;-1550.6583;101.7578;281.4805;20.0;CROW2.txt
1;-1464.7968;-1558.324;101.7578;100.0;-1465.1469;-1551.7413;101.7578;10.0;-1464.8085;-1552.3181;101.7578;265.2596;20.0;CROW3.txt
1;-1464.7968;-1558.324;101.7578;100.0;-1465.1469;-1551.7413;101.7578;10.0;-1469.8451;-1553.5935;102.1705;274.0479;20.0;CROW4.txt
1;-1464.7968;-1558.324;101.7578;100.0;-1465.1469;-1551.7413;101.7578;10.0;-1466.8971;-1551.9209;103.5408;268.99;20.0;CROW5.txt
2;-1055.7739;-1184.0836;129.1555;100.0;-1060.0992;-1182.5345;129.2187;30.0;-1064.9078;-1157.7363;131.3952;265.9022;5.0;CROW1.txt
2;-1055.7739;-1184.0836;129.1555;100.0;-1060.0992;-1182.5345;129.2187;30.0;-1033.0579;-1193.5659;130.7096;90.8257;5.0;CROW2.txt
2;-1055.7739;-1184.0836;129.1555;100.0;-1060.0992;-1182.5345;129.2187;30.0;-1037.8374;-1180.5306;132.4289;110.3424;10.0;CROW3.txt
2;-1055.7739;-1184.0836;129.1555;100.0;-1060.0992;-1182.5345;129.2187;30.0;-1061.317;-1206.5726;134.2378;276.1524;5.0;CROW4.txt
2;-1055.7739;-1184.0836;129.1555;100.0;-1060.0992;-1182.5345;129.2187;30.0;-1069.6578;-1172.485;151.2312;230.3993;5.0;CROW5.txt
3;-383.5046;-1436.4948;32.3389;100.0;-383.5046;-1436.4948;32.3389;30.0;-367.7802;-1446.1356;41.4857;52.0551;5.0;CROW1.txt
3;-383.5046;-1436.4948;32.3389;100.0;-383.5046;-1436.4948;32.3389;30.0;-372.1537;-1431.8;34.0;87.9493;5.0;CROW2.txt
3;-383.5046;-1436.4948;32.3389;100.0;-383.5046;-1436.4948;32.3389;30.0;-372.2798;-1434.6667;27.3188;89.8003;5.0;CROW3.txt
3;-383.5046;-1436.4948;32.3389;100.0;-383.5046;-1436.4948;32.3389;30.0;-386.378;-1418.4358;28.8185;264.7869;5.0;CROW4.txt
3;-383.5046;-1436.4948;32.3389;100.0;-383.5046;-1436.4948;32.3389;30.0;-383.5046;-1436.4948;32.3389;270.5954;5.0;CROW5.txt
4;-352.3501;-1047.2784;62.296;100.0;-352.3501;-1047.2784;62.296;30.0;-352.3501;-1047.2784;62.296;144.8885;5.0;CROW1.txt
4;-352.3501;-1047.2784;62.296;100.0;-352.3501;-1047.2784;62.296;30.0;-380.8538;-1043.7256;62.2499;186.899;5.0;CROW2.txt
4;-352.3501;-1047.2784;62.296;100.0;-352.3501;-1047.2784;62.296;30.0;-374.588;-1043.1473;61.9892;190.3457;5.0;CROW3.txt
4;-352.3501;-1047.2784;62.296;100.0;-352.3501;-1047.2784;62.296;30.0;-352.4305;-1037.0093;62.8199;90.4147;5.0;CROW4.txt
4;-352.3501;-1047.2784;62.296;100.0;-352.3501;-1047.2784;62.296;30.0;-373.4202;-1066.0203;60.6072;343.277;5.0;CROW5.txt
5;-2034.4563;-2535.4041;43.3446;100.0;;;;;-2062.801;-2535.3276;34.1357;266.9862;5.0;CROW1.txt
5;-2034.4563;-2535.4041;43.3446;100.0;;;;;-2056.678;-2507.3511;32.8195;240.0392;5.0;CROW2.txt
5;-2034.4563;-2535.4041;43.3446;100.0;;;;;-2034.4563;-2535.4041;43.3446;73.971;5.0;CROW3.txt
5;-2034.4563;-2535.4041;43.3446;100.0;;;;;-2052.2615;-2539.8887;33.0796;7.857;5.0;CROW4.txt
5;-2034.4563;-2535.4041;43.3446;100.0;;;;;-2034.4563;-2535.4041;42.3446;73.971;5.0;CROW5.txt
6;-2807.282;-1530.0153;143.8001;100.0;;;;;-2807.282;-1530.0153;142.8001;268.8192;5.0;CROW1.txt
6;-2807.282;-1530.0153;143.8001;100.0;;;;;-2807.4128;-1527.5131;143.8184;269.7592;5.0;CROW2.txt
6;-2807.282;-1530.0153;143.8001;100.0;;;;;-2807.2031;-1521.8174;143.7891;271.6393;5.0;CROW3.txt
6;-2807.282;-1530.0153;143.8001;100.0;;;;;-2814.1272;-1509.1133;142.3966;0.9401;5.0;CROW4.txt
6;-2807.282;-1530.0153;143.8001;100.0;;;;;-2804.8135;-1514.7708;142.1157;237.799;5.0;CROW5.txt
7;-1641.8372;-2235.3174;34.4922;100.0;;;;;-1641.9467;-2236.8245;34.4674;92.0977;5.0;CROW1.txt
7;-1641.8372;-2235.3174;34.4922;100.0;;;;;-1641.9543;-2239.8064;34.4479;94.941;5.0;CROW2.txt
7;-1641.8372;-2235.3174;34.4922;100.0;;;;;-1644.7256;-2238.1343;31.4423;91.2044;5.0;CROW3.txt
7;-1641.8372;-2235.3174;34.4922;100.0;;;;;-1641.8873;-2243.5178;34.4345;152.5948;5.0;CROW4.txt
7;-1641.8372;-2235.3174;34.4922;100.0;;;;;-1642.4213;-2232.5295;34.4266;62.6673;5.0;CROW5.txt
8;-1840.3258;-1672.4329;22.0988;100.0;;;;;-1862.5463;-1694.3281;48.2144;70.1355;5.0;CROW2.txt
8;-1840.3258;-1672.4329;22.0988;100.0;;;;;-1926.8003;-1733.532;27.0156;201.4233;5.0;CROW3.txt
8;-1840.3258;-1672.4329;22.0988;100.0;;;;;-1878.55;-1635.6218;29.5635;214.8969;5.0;CROW4.txt
8;-1840.3258;-1672.4329;22.0988;100.0;;;;;-1849.9385;-1676.7151;34.268;91.1291;5.0;CROW5.txt
9;-545.5967;-187.7389;78.4062;100.0;;;;;-548.2428;-194.1817;82.5684;6.58;5.0;CROW1.txt
9;-545.5967;-187.7389;78.4062;100.0;;;;;-549.7703;-183.5204;82.0659;181.1084;5.0;CROW2.txt
9;-545.5967;-187.7389;78.4062;100.0;;;;;-540.1224;-194.9465;79.4888;5.0367;5.0;CROW3.txt
9;-545.5967;-187.7389;78.4062;100.0;;;;;-529.4323;-181.4828;83.6983;212.1286;5.0;CROW4.txt
9;-545.5967;-187.7389;78.4062;100.0;;;;;-555.7335;-182.8492;79.3574;182.3618;5.0;CROW5.txt
10;-87.6538;-23.3865;6.5942;100.0;;;;;-59.6655;-26.5985;25.9801;61.0776;5.0;CROW1.txt
10;-87.6538;-23.3865;6.5942;100.0;;;;;-67.335;15.5959;5.9605;196.1255;5.0;CROW2.txt
10;-87.6538;-23.3865;6.5942;100.0;;;;;-67.1478;31.8082;11.0083;161.9718;5.0;CROW3.txt
10;-87.6538;-23.3865;6.5942;100.0;;;;;-90.1248;-10.4309;12.2726;251.8992;5.0;CROW4.txt
10;-87.6538;-23.3865;6.5942;100.0;;;;;-86.0666;-23.8079;11.0097;344.8876;5.0;CROW5.txt
11;2240.3303;-76.4544;26.5146;100.0;;;;;2240.8752;-86.2229;27.8548;10.4856;5.0;CROW1.txt
11;2240.3303;-76.4544;26.5146;100.0;;;;;2251.6724;-72.7849;32.6133;90.2181;5.0;CROW2.txt
11;2240.3303;-76.4544;26.5146;100.0;;;;;2242.791;-77.0144;27.5148;90.2417;5.0;CROW3.txt
11;2240.3303;-76.4544;26.5146;100.0;;;;;2243.1953;-66.9552;27.7524;89.6149;5.0;CROW4.txt
11;2240.3303;-76.4544;26.5146;100.0;;;;;2253.7126;-58.7321;29.7597;105.4502;5.0;CROW5.txt
12;891.0176;-1103.2471;23.5;100.0;;;;;897.6763;-1079.8077;26.0933;172.107;5.0;CROW1.txt
12;891.0176;-1103.2471;23.5;100.0;;;;;893.562;-1117.6823;27.3605;1.9887;5.0;CROW2.txt
12;891.0176;-1103.2471;23.5;100.0;;;;;872.3456;-1086.2764;26.1268;210.175;5.0;CROW3.txt
12;891.0176;-1103.2471;23.5;100.0;;;;;914.5113;-1108.8202;26.8215;338.3062;5.0;CROW4.txt
12;891.0176;-1103.2471;23.5;100.0;;;;;866.8079;-1112.1425;25.6876;36.9002;5.0;CROW5.txt
13;-361.9819;-1671.2762;27.4701;100.0;;;;;-350.883;-1672.2433;27.4166;151.9915;5.0;CROW1.txt
13;-361.9819;-1671.2762;27.4701;100.0;;;;;-354.9198;-1662.9735;28.1631;226.8789;5.0;CROW2.txt
13;-361.9819;-1671.2762;27.4701;100.0;;;;;-371.0529;-1667.2954;27.2982;155.1249;5.0;CROW3.txt
13;-361.9819;-1671.2762;27.4701;100.0;;;;;-360.7076;-1675.0261;28.7048;80.2375;5.0;CROW4.txt
13;-361.9819;-1671.2762;27.4701;100.0;;;;;-370.0551;-1678.3247;26.5342;5.6634;5.0;CROW5.txt
